{
    "$schema": "https://schema.management.azure.com/schemas/2015-01-01/deploymentTemplate.json#",
    "contentVersion": "1.0.0.0",
    "parameters": {
        "vmSize": {
            "type": "string",
            "defaultValue": "Standard_D2s_v3",
            "metadata": {
                "description": "VM size"
            }
        },
        "vm0Name": {
            "type": "string",
            "defaultValue": "az104-04-vm0",
            "metadata": {
                "description": "VM0 name"
            }
        },
        "vm1Name": {
            "type": "string",
            "defaultValue": "az104-04-vm1",
            "metadata": {
                "description": "VM1 name"
            }
        },
        "adminUsername": {
            "type": "string",
            "metadata": {
                "description": "Admin username"
            }
        },
        "adminPassword": {
            "type": "securestring",
            "metadata": {
                "description": "Admin password"
            }
        },
        "virtualNetworkName": {
            "type": "string",
            "defaultValue": "az104-04-vnet1",
            "metadata": {
                "description": "Virtual network name"
            }
        }
    },
    "variables": {
        "vm0Name": "[parameters('vm0Name')]",
        "vm1Name": "[parameters('vm1Name')]",
        "nic0": "az104-04-nic0",
        "nic1": "az104-04-nic1",
        "virtualNetworkName": "[parameters('virtualNetworkName')]",
        "subnet0Name": "subnet0",
        "subnet1Name": "subnet1",
        "subnet1Ref": "[resourceId('Microsoft.Network/virtualNetworks/subnets', variables('virtualNetworkName'), variables('subnet0Name'))]",
        "subnet2Ref": "[resourceId('Microsoft.Network/virtualNetworks/subnets', variables('virtualNetworkName'), variables('subnet1Name'))]",
        "computeApiVersion": "2018-06-01",
        "networkApiVersion": "2018-08-01"
    },
    "resources": [
        {
            "name": "[variables('vm0Name')]",
            "type": "Microsoft.Compute/virtualMachines",
            "apiVersion": "[variables('computeApiVersion')]",
            "location": "[resourceGroup().location]",
            "comments": "The first VM",
            "dependsOn": [
                "[variables('nic0')]"
            ],
            "properties": {
                "osProfile": {
                    "computerName": "[variables('vm0Name')]",
                    "adminUsername": "[parameters('adminUsername')]",
                    "adminPassword": "[parameters('adminPassword')]",
                    "windowsConfiguration": {
                        "provisionVmAgent": "true"
                    }
                },
                "hardwareProfile": {
                    "vmSize": "[parameters('vmSize')]"
                },
                "storageProfile": {
                    "imageReference": {
                        "publisher": "MicrosoftWindowsServer",
                        "offer": "WindowsServer",
                        "sku": "2019-Datacenter",
                        "version": "latest"
                    },
                    "osDisk": {
                        "createOption": "fromImage"
                    },
                    "dataDisks": []
                },
                "networkProfile": {
                    "networkInterfaces": [
                        {
                            "properties": {
                                "primary": true
                            },
                            "id": "[resourceId('Microsoft.Network/networkInterfaces', variables('nic0'))]"
                        }
                    ]
                }
            }
        },
        {
            "name": "[variables('vm1Name')]",
            "type": "Microsoft.Compute/virtualMachines",
            "apiVersion": "[variables('computeApiVersion')]",
            "location": "[resourceGroup().location]",
            "comments": "The second VM",
            "dependsOn": [
                "[variables('nic1')]"
            ],
            "properties": {
                "osProfile": {
                    "computerName": "[variables('vm1Name')]",
                    "adminUsername": "[parameters('adminUsername')]",
                    "adminPassword": "[parameters('adminPassword')]",
                    "windowsConfiguration": {
                        "provisionVmAgent": "true"
                    }
                },
                "hardwareProfile": {
                    "vmSize": "[parameters('vmSize')]"
                },
                "storageProfile": {
                    "imageReference": {
                        "publisher": "MicrosoftWindowsServer",
                        "offer": "WindowsServer",
                        "sku": "2019-Datacenter",
                        "version": "latest"
                    },
                    "osDisk": {
                        "createOption": "fromImage"
                    },
                    "dataDisks": []
                },
                "networkProfile": {
                    "networkInterfaces": [
                        {
                            "properties": {
                                "primary": true
                            },
                            "id": "[resourceId('Microsoft.Network/networkInterfaces', variables('nic1'))]"
                        }
                    ]
                }
            }
        },
        {
            "type": "Microsoft.Network/virtualNetworks",
            "name": "[variables('virtualNetworkName')]",
            "apiVersion": "[variables('networkApiVersion')]",
            "location": "[resourceGroup().location]",
            "comments": "Virtual Network",
            "properties": {
                "addressSpace": {
                    "addressPrefixes": [
                        "10.40.0.0/22"
                    ]
                },
                "subnets": [
                    {
                        "name": "[variables('subnet0Name')]",
                        "properties": {
                            "addressPrefix": "10.40.0.0/24"
                        }
                    },
                    {
                        "name": "[variables('subnet1Name')]",
                        "properties": {
                            "addressPrefix": "10.40.1.0/24"
                        }
                    }
                ]
            }
        },
        {
            "name": "[variables('nic0')]",
            "type": "Microsoft.Network/networkInterfaces",
            "apiVersion": "[variables('networkApiVersion')]",
            "location": "[resourceGroup().location]",
            "comments": "Primary NIC",
            "dependsOn": [
                "[concat('Microsoft.Network/virtualNetworks/', variables('virtualNetworkName'))]"
            ],
            "properties": {
                "ipConfigurations": [
                    {
                        "name": "ipconfig1",
                        "properties": {
                            "subnet": {
                                "id": "[variables('subnet1Ref')]"
                            },
                            "privateIPAllocationMethod": "Dynamic"
                        }
                    }
                ]
            }
        },
        {
            "name": "[variables('nic1')]",
            "type": "Microsoft.Network/networkInterfaces",
            "apiVersion": "[variables('networkApiVersion')]",
            "location": "[resourceGroup().location]",
            "comments": "Primary NIC",
            "dependsOn": [
                "[concat('Microsoft.Network/virtualNetworks/', variables('virtualNetworkName'))]"
            ],
            "properties": {
                "ipConfigurations": [
                    {
                        "name": "ipconfig1",
                        "properties": {
                            "subnet": {
                                "id": "[variables('subnet2Ref')]"
                            },
                            "privateIPAllocationMethod": "Dynamic"			
                        }
                    }
                ]
            }
        }
    ],
    "outputs": {}
}